Vilnius,Lietuva
Kaunas,Lietuva
Klaipėda,Lietuva
Vijoliai,Lietuva
Paežerys I,Lietuva
Šalčininkai,Lietuva
Skuodas,Lietuva
Telšiai,Lietuva
Panevėžys,Lietuva
Ignalina,Lietuva
Palanga,Lietuva
Širvintos,Lietuva
Visaginas,Lietuva
Varėna,Lietuva
Rietavas,Lietuva
Raseiniai,Lietuva
Rokiškis,Lietuva
Šiauliai,Lietuva
Kazlų Rūda,Lietuva
Mažeikiai,Lietuva
Kelmė,Lietuva
Joniškis,Lietuva
Biržai,Lietuva
Birštonas,Lietuva
Marijampolė,Lietuva
Kupiškis,Lietuva
Radviliškis,Lietuva
Kretinga,Lietuva
Jurbarkas,Lietuva
Tauragė,Lietuva
Kalvarija,Lietuva
Pagėgiai,Lietuva
Prienai,Lietuva
Švenčionys,Lietuva
Zarasai,Lietuva
Pasvalys,Lietuva
Lazdijai,Lietuva
Plungė,Lietuva
Kėdainiai,Lietuva
Šilutė,Lietuva
Druskininkai,Lietuva
Nida,Lietuva
Jonava,Lietuva
Anykščiai,Lietuva
Šilalė,Lietuva
Kaišiadorys,Lietuva
Elektrėnai,Lietuva
Molėtai,Lietuva
Pakruojis,Lietuva
Utena,Lietuva
Alytus,Lietuva
Šakiai,Lietuva
Akmenė,Lietuva
Trakai,Lietuva
Vilkaviškis,Lietuva
Ukmergė,Lietuva
Riga,Latvia
Daugavpils,Latvia
Liepāja,Latvia
Jelgava,Latvia
Ventspils,Latvia
Rēzekne,Latvia
Inčukalns,Latvia
Ķekava,Latvia
Valka,Latvia
Loja,Latvia
Mārupe,Latvia
Drabeši,Latvia
Iecava,Latvia
Salacgrīva,Latvia
Ķegums,Latvia
Sigulda,Latvia
Jaunpils,Latvia
Alsunga,Latvia
Tērvete,Latvia
Talsi,Latvia
Cesvaine,Latvia
Cēsis,Latvia
Kocēni,Latvia
Koknese,Latvia
Dundaga,Latvia
Priekuļi,Latvia
Roja,Latvia
Rauna,Latvia
Aloja,Latvia
Rucava,Latvia
Lielvārde,Latvia
Murmuiža,Latvia
Vecvārkava,Latvia
Bauska,Latvia
Ērgļi,Latvia
Varakļāni,Latvia
Ulbroka,Latvia
Mazsalaca,Latvia
Lubāna,Latvia
Ikšķile,Latvia
Ragana,Latvia
Jaunjelgava,Latvia
Ludza,Latvia
Viļāni,Latvia
Grobiņa,Latvia
Rūjiena,Latvia
Alūksne,Latvia
Aglona,Latvia
Burtnieki,Latvia
Pāvilosta,Latvia
Kārsava,Latvia
Jūrmala,Latvia
Dagda,Latvia
Stalbe,Latvia
Smārde,Latvia
Mērsrags,Latvia
Līvāni,Latvia
Vecpiebalga,Latvia
Jaunpiebalga,Latvia
Saldus,Latvia
Limbaži,Latvia
Baltinava,Latvia
Preiļi,Latvia
Aizkraukle,Latvia
Gulbene,Latvia
Cibla,Latvia
Rugāji,Latvia
Smiltene,Latvia
Riebiņi,Latvia
Aizpute,Latvia
Tukums,Latvia
Baldone,Latvia
Viesīte,Latvia
Garkalne,Latvia
Lieģi,Latvia
Balvi,Latvia
Madona,Latvia
Zilupe,Latvia
Kuldīga,Latvia
Strenči,Latvia
Sala,Latvia
Olaine,Latvia
Aknīste,Latvia
Nīca,Latvia
Jēkabpils,Latvia
Auce,Latvia
Viļaka,Latvia
Vaiņode,Latvia
Mālpils,Latvia
Ogre,Latvia
Ilūkste,Latvia
Kandava,Latvia
Ozolnieki,Latvia
Carnikava,Latvia
Krāslava,Latvia
Valmiera,Latvia
Ādaži,Latvia
Naukšēni,Latvia
Pilsrundāle,Latvia
Dobele,Latvia
Ape,Latvia
Salaspils,Latvia
Ropaži,Latvia
Brocēni,Latvia
Skrīveri,Latvia
Skrunda,Latvia
Priekule,Latvia
Saulkrasti,Latvia
Līgatne,Latvia
Pļaviņas,Latvia
Nereta,Latvia
Vecumnieki,Latvia
Piņķi,Latvia
